file_name,text
1.jpeg,"Litacold douleur
Revital comprime
tothéma"
2.jpeg,"Calgen
Pyranthel GH"
3.jpeg,"Amoclav denk 500mg
Genforte
Pectogen
Genset
Calben"
4.jpeg,"Genforte GH
Amoxicilline denk 500mg
CAC1000"
5.jpeg,"Miorel 
Diprosone 0,05%"
6.jpeg,"Dynapard 500mg
Dynapard QPS
Raldol comprimé"
7.jpeg,"Fervex sch 
Gensil sp
Genes vit plus"
8.jpeg,"Aldomed 500
Actimag 
Richfer gel"
9.jpeg,"Antinorex cp
Escodyne cp 
Doliprane 500
Amlodipine GH"
10.jpeg,"Bactoclav 1000mg
Buccothymol
Flagyl 500mg
Ibex comprimé"
11.jpeg,"Fervex
Genset
Alvityl Tonus
Xykaa 500mg"
12.jpeg,"Gyala sirop
Efferalgan sirop
Alben sirop
Apdyl H"
13.jpeg,"Efferalgan 
Amox 250mg
Acefyl sirop
Sterimar
Till
Bimodex"
14.jpeg,"Stimogéne sirop
Litacold douleur
Escodyne comprimé"
15.jpeg,"Omicap 20mg
Gastrogel comprimé"
16.jpeg,"CAC1000 Sandoz
Ibex 200mg
Xykaa MR"
17.jpeg,"Fervex
Gensil sirop
Genes vit plus"
18.jpeg,"Miorel
Diprosone 0,05% pommade"
19.jpeg,"Terpara 1000mg
Vovgel
Multical plus"
20.jpeg,"Esomeral 40mg
Amloperin 10mg/10mg"
21.jpeg,"Rinomicine sachet
Sekisan sirop
Azithro GH"
22.jpeg,"Antalgex T
Genacid sirop"
23.jpeg,"Nystatine ovule
Econazole
Betadine gyneco
Cyclo 3 fort"
24.jpeg,"Pabal
Soclav 500mg
Betadine gyneco
Spasfon injectable
Dycinone injectable
Kétoprofene suppositoire"
25.jpeg,"Fervex
Genset 10mg
Xykaa 500mg"
26.jpeg,"Terpara 1000mg
Azicure 500mg
Cetrizine comprimé
Respirebien
Maxilase sirop
Multical plus"
27.jpeg,"Richefer
Ibumol
Dynapar pommade"
28.jpeg,"Litamol 500mg
CAC1000 Sandoz"
29.jpeg,"Soclav sachet 
Panalgic comprmé"
30.jpeg,"Biofar 12/12
Doliprane
Genclav
Genacid sirop"
31.jpeg,Cardiovalam
32.jpeg,"Lactulose
Spasfon comprimé
Para 500
Nuravit sirop"
33.jpeg,"Maxilase comprimé
Aclav 1g
Doliprane 1000mg"
34.jpeg,"Metformine denk 500mg
Tothema ampoule"
35.jpeg,Desomedine collyre
36.jpeg,"Fenurec 
efferalagan 1g
Multical plus
volini gel"
37.jpeg,"Griseofulvine 500mg
Mycoster"
38.jpeg,"Exxib 100mg
Multical plus
Xykaa MR"
39.jpeg,"SRO
Zinc
Ultra levure
Cefexol sirop"
40.jpeg,"Diprosone creme
dexeryl creme
Genset 10mg"
41.jpeg,"Flugen sirop
Flagyl sirop
Genset sirop
Mupirocine creme
Saforele"
42.jpeg,"Genta collyre
Para sirop"
43.jpeg,"Gensil sirop
Efferalgan 500mg
CAC1000 Sandoz"
44.jpeg,"Flugen sirop
Flagyl sirop
Alben sirop
Genset sirop
Mupirocinone creme"
45.jpeg,"Efferalgan comprimé
Escodyne comprimé
Amaday 5"
46.jpeg,"Genforte sirop
Meben sirop"
47.jpeg,Amlodipine 5mg
48.jpeg,"Calci Denk
Mag 2 ampoule
Celestene 2 mg
Ventoline
Genset 10mg"
49.jpeg,"CAC1000
Xykaa MR
Dolo denk"
50.jpeg,"Vermox 500mg
Genset 10mg
Tothema ampoule
CAC1000 Sandoz"
51.jpeg,"Gensil sirop
Fervex
Xykaa MR
Dolo denk"
52.jpeg,"Litacold sirop
Amox 250mg"
53.jpeg,"Fervex sachet
Amox 500mg
Efferalgan vitC
Gensil sirop
Alben 400mg"
54.jpeg,"Omizec
Genacid sirop
Sylverex creme"
55.jpeg,"Doliprane 500mg
CAC1000 Sandoz
Meben 400mg"
56.jpeg,"Amoxiclav  denk 1g
genset 10mg
Gensil sirop
Diclo denk
Xykaa 500
Dynapard pommade"
57.jpeg,"Dermobacter
Genset
Magnoral
Xykaa 1g comprimé"
58.jpeg,"Efferalgan vitamine C
Amox 500mg
Acefyl sirop
Albendazole
Fer comprimé"
59.jpeg,"Calmed cp
Panol 100mg"
60.jpeg,Dynapar comprimé
61.jpeg,"Efferalgan 1000mg
Azicure 500mg
Cetrizine comprimé
Bronquidiazina sirop
Ramithiazide 5/12,5"
62.jpeg,"Almax forte
Multical plus"
63.jpeg,"Celebid 1000mg
Xykaa MR
Neurobion  comprimé"
64.jpeg,"Gensil sirop
Fervex enfant
Efferalgan vitC
Alben 400mg"
65.jpeg,"Almax forte
Multical plus"
66.jpeg,"Amox 500mg 
Fervex 
Albendazole"
67.jpeg,"Kamagra 100mg cp
Tinazol cp
Xykaa 1g"
68.jpeg,"Terpara 10001
Genta collyre
Céririzine cp
Adna vit C cp
Meben GH"
69.jpeg,"Fludol P+ sp
Amox 250 sp
Apdyl H sp"
70.jpeg,"Genpar
Perfuseur 
Catheter rose
Hipafix
Metagen
Seringue 10cc
Efferalgan 1g
Dolex cp
Genacid sp
Multical plus"
71.jpeg,"Flagyl 500
Amox 500mg
Genforte comprimé"
72.jpeg,"Doliprane 1g
Litacold jour et nuit
CAC1000
Mag2"
73.jpeg,"Celebrex 200
Medrol 16mg
Volini gel
Uvedose 10000UI"
74.jpeg,"Primalan sp 
Litacold baume 
Advil sp 
Litacold sp"
75.jpeg,Mestinon 60
76.jpeg,"Catheter jaune 
Seringue
Pulmicort
Betamed ing
C-tri ing 
G 5%
Nacl +Kcl + Ca2+
Vogalene ing
Perfuseur"
77.jpeg,"Roipar Sp 
Nausélium sp 
Zocin
Zamox sp
Acure sp 250mg"
78.jpeg,"Bétasténe 2mg
Salbutus sp 
Allergyl sp"
79.jpeg,"Pulmicost 0,25
Salbutamol Aérosol 2,5mg"
80.jpeg,"Roipar sp 
Nauselium sp
Zocin sp
Zamox sp enfant
Acure sp 250mg"
81.jpeg,"Azythrine 250mg 
Soclav 1g
Pectogen
Neulora"
82.jpeg,"Carbotoux 2%
Boncipro 500"
83.jpeg,"Betasténe 2mg 
Salbutus sirop
Allergyl sirop"
84.jpeg,"Panadol extra 
Indocollyre"
85.jpg,"Efferalgan 1000
Azicure 500mg 
Cetirizine cp 
Bronquidiazina sp
Ramithiazide"
86.jpg,"Efferalgan vit C
Amox 500mg 
Acefyl sp
Albendazole 
Fer cp"
87.jpeg,"Vitafer forte sp
Doliprane 1gr eff
Helmintox 250"
88.jpg,"Dermobacter
Genset 10mg 
Magnoral
Xykaa 1g cp"
89.jpeg,"Xykaa 500
Helmintox scht
Biofar multi Vit 
Ferrostrane sp"
90.jpg,"Calmed cp 
Panol 500 mg"
91.jpeg,"Xykaa 500
Helminte scht
Biofar multi Vit 
Ferrostrane Sp"
92.jpg,"Doliprane 500 mg
CAC-1000 Sandoz
Meben 400"
93.jpeg,"Rinomicine sht
Gensil sp
Azithro GH 500mg"
94.jpeg,"Gynomax
Combimal 450
Richfer 
Rolicin"
95.jpeg,"Dexeryl crème
Diproléne  pmd"
96.jpeg,L-Mesitran PM
97.jpeg,"Gylla 400
Flagyl 500
Combimal
Irex cp
C-tri 2gr + seringue"
98.jpeg,"Carbo 5%
Calgen 
Pyrantel GH"
99.jpg,"Aclav 1g
Maxillase sirop"
100.jpg,L-Mesitran pommade
101.jpg,"Fénugrec
Smecta
Eucarbon 
Alfamox"
102.jpg,"Dexeryl creme
Diproléne pommade"
103.jpg,"Fenugrec
Smecta
Eucarbon
Alfamox"
